{
    "mae": {
        "mean": 63.33696037233197,
        "max": 85.80962738266206,
        "min": 41.97557203384733,
        "std": 16.074478143658887
    },
    "rmse": {
        "mean": 160.58458542391287,
        "max": 252.7532781788685,
        "min": 81.93977625884293,
        "std": 60.8736900969975
    },
    "mape": {
        "mean": 6.958662958464903,
        "max": 30.285580659888833,
        "min": 0.6627737812239667,
        "std": 11.668193662755721
    },
    "max_error": {
        "mean": 1058.036166888021,
        "max": 2023.3449578125003,
        "min": 473.8734489257813,
        "std": 535.5417175320919
    }
}
