{
    "mae": {
        "mean": 0.6525005891671705,
        "max": 0.684404449079117,
        "min": 0.6058405064492933,
        "std": 0.02898202311645234
    },
    "rmse": {
        "mean": 1.1581539149685671,
        "max": 1.606174112918535,
        "min": 1.002076055078592,
        "std": 0.23002873853284272
    },
    "mape": {
        "mean": 1.6134028461662204,
        "max": 2.1237646215945096,
        "min": 1.3445229241490142,
        "std": 0.29936846503584374
    },
    "max_error": {
        "mean": 13.554335659265519,
        "max": 37.83389297485351,
        "min": 6.038203954696655,
        "std": 12.19882748249631
    }
}
