{
    "accuracy": {
        "mean": 0.8056338028169014,
        "max": 0.8433098591549296,
        "min": 0.710387323943662,
        "std": 0.048277331676664634
    },
    "balanced_accuracy": {
        "mean": 0.7101667401121645,
        "max": 0.7870946844291778,
        "min": 0.5,
        "std": 0.10595771893198917
    },
    "f1": {
        "mean": 0.8739379945531838,
        "max": 0.8930288461538461,
        "min": 0.8306742151312404,
        "std": 0.02215588677324615
    },
    "rocauc": {
        "mean": 0.7101667401121645,
        "max": 0.7870946844291777,
        "min": 0.5,
        "std": 0.10595771893198916
    }
}