{
    "mae": {
        "mean": 0.1424463985474771,
        "max": 0.147619698006631,
        "min": 0.13660232221813742,
        "std": 0.00372616101701858
    },
    "rmse": {
        "mean": 0.19637831051802576,
        "max": 0.20751668034688386,
        "min": 0.1873777259233404,
        "std": 0.006782624471088126
    },
    "mape": {
        "mean": 0.2924057024634087,
        "max": 0.29681652287929167,
        "min": 0.2838334074536775,
        "std": 0.004676738588995236
    },
    "max_error": {
        "mean": 1.216451845533887,
        "max": 1.5146614574766017,
        "min": 1.0577993392944336,
        "std": 0.1673825269158171
    }
}
