{
    "mae": {
        "mean": 85.39113460330489,
        "max": 109.8504268120509,
        "min": 74.99017164146237,
        "std": 13.089202793556336
    },
    "rmse": {
        "mean": 145.34917794925437,
        "max": 178.50550166287854,
        "min": 123.18936880517462,
        "std": 21.45339548233224
    },
    "mape": {
        "mean": 1.1302151689477191,
        "max": 1.2073415516774826,
        "min": 1.0084998807812455,
        "std": 0.07046677694734943
    },
    "max_error": {
        "mean": 1038.5458764373866,
        "max": 1252.0402935508548,
        "min": 830.330322850519,
        "std": 163.85494533861538
    }
}
