{
    "mae": {
        "mean": 0.5245333146972146,
        "max": 0.8532292739745492,
        "min": 0.4112080929169094,
        "std": 0.16812618909017926
    },
    "rmse": {
        "mean": 0.6889410152166597,
        "max": 1.1051593725775772,
        "min": 0.5438066901384848,
        "std": 0.21465000287804423
    },
    "mape": {
        "mean": 0.9199705822638826,
        "max": 1.211612203738929,
        "min": 0.7809974366138253,
        "std": 0.15565401731291117
    },
    "max_error": {
        "mean": 4.431406470298767,
        "max": 10.174219856262207,
        "min": 2.1512590408325196,
        "std": 2.9873079500533852
    }
}
