{
    "mae": {
        "mean": 0.12260971150998659,
        "max": 0.13192138025569863,
        "min": 0.11365211726379705,
        "std": 0.00597496219207081
    },
    "rmse": {
        "mean": 0.18880498694278294,
        "max": 0.19604169579067598,
        "min": 0.17565871587155524,
        "std": 0.007996814053792203
    },
    "mape": {
        "mean": 0.2377986088192312,
        "max": 0.24415017844651551,
        "min": 0.23252713495155725,
        "std": 0.0037899320280163087
    },
    "max_error": {
        "mean": 1.4289809469359838,
        "max": 1.7768715620040894,
        "min": 1.192148848787923,
        "std": 0.2236551533741033
    }
}