{
    "mae": {
        "mean": 0.7280884115534532,
        "max": 0.8012329026605373,
        "min": 0.6573086827843023,
        "std": 0.05895585520146466
    },
    "rmse": {
        "mean": 2.667502869628006,
        "max": 3.34731463232325,
        "min": 2.1229606404999313,
        "std": 0.4463551688842426
    },
    "mape": {
        "mean": 0.49953879233338777,
        "max": 0.5422156258963876,
        "min": 0.4478703328241319,
        "std": 0.038877020146218876
    },
    "max_error": {
        "mean": 54.65487117981555,
        "max": 76.25341033935547,
        "min": 36.17168089782964,
        "std": 13.187363071221897
    }
}
