{
    "accuracy": {
        "mean": 0.8770568692996574,
        "max": 0.883130081300813,
        "min": 0.8628048780487805,
        "std": 0.007310439952571669
    },
    "balanced_accuracy": {
        "mean": 0.8770731937159206,
        "max": 0.8829752953813104,
        "min": 0.8629719904155995,
        "std": 0.0072231228588886314
    },
    "f1": {
        "mean": 0.8771811387537515,
        "max": 0.8814589665653495,
        "min": 0.8677766895200784,
        "std": 0.004828419592377054
    },
    "rocauc": {
        "mean": 0.8770731937159206,
        "max": 0.8829752953813104,
        "min": 0.8629719904155995,
        "std": 0.007223122858888647
    }
}