{
    "mae": {
        "mean": 161.5322039954307,
        "max": 186.94992301694808,
        "min": 129.87429509238592,
        "std": 21.400792820425306
    },
    "rmse": {
        "mean": 306.500224731459,
        "max": 480.9277956716131,
        "min": 176.6744659716778,
        "std": 110.927295257381
    },
    "mape": {
        "mean": 0.2386740787700255,
        "max": 0.2825536258386314,
        "min": 0.2009431998059228,
        "std": 0.028527069822644906
    },
    "max_error": {
        "mean": 1759.9212817382813,
        "max": 3411.2818359375,
        "min": 553.0213867187499,
        "std": 1059.554672074276
    }
}
